相似度J,共享片段数,章节A,章节B,判定
0.89,65,8-续写-第166章.txt,8-续写-第226章.txt,大段复制
0.88,122,8-续写-第75章.txt,8-续写-第78章.txt,大段复制
0.86,64,8-续写-第171章.txt,8-续写-第231章.txt,大段复制
0.85,115,8-续写-第165章.txt,8-续写-第225章.txt,大段复制
0.84,134,8-续写-第141章.txt,8-续写-第201章.txt,大段复制
0.82,93,8-续写-第161章.txt,8-续写-第221章.txt,大段复制
0.80,200,8-续写-第268章.txt,8-续写-第270章.txt,大段复制
0.80,119,8-续写-第104章.txt,8-续写-第112章.txt,大段复制
0.79,75,8-续写-第164章.txt,8-续写-第224章.txt,大段复制
0.79,82,8-续写-第163章.txt,8-续写-第223章.txt,大段复制
0.78,87,8-续写-第149章.txt,8-续写-第184章.txt,大段复制
0.78,187,8-续写-第36章.txt,8-续写-第38章.txt,大段复制
0.77,93,8-续写-第179章.txt,8-续写-第239章.txt,大段复制
0.75,85,8-续写-第123章.txt,8-续写-第181章.txt,大段复制
0.73,154,8-续写-第281章.txt,8-续写-第288章.txt,大段复制
0.72,86,8-续写-第123章.txt,8-续写-第133章.txt,大段复制
0.71,79,8-续写-第148章.txt,8-续写-第208章.txt,大段复制
0.71,58,8-续写-第222章.txt,8-续写-第231章.txt,大段复制
0.71,58,8-续写-第162章.txt,8-续写-第171章.txt,大段复制
0.69,82,8-续写-第125章.txt,8-续写-第182章.txt,大段复制
0.69,83,8-续写-第133章.txt,8-续写-第181章.txt,大段复制
0.68,146,8-续写-第256章.txt,8-续写-第269章.txt,大段复制
0.67,57,8-续写-第162章.txt,8-续写-第222章.txt,大段复制
0.67,84,8-续写-第224章.txt,8-续写-第225章.txt,大段复制
0.67,84,8-续写-第164章.txt,8-续写-第165章.txt,大段复制
0.66,82,8-续写-第173章.txt,8-续写-第174章.txt,大段复制
0.65,55,8-续写-第176章.txt,8-续写-第236章.txt,大段复制
0.62,81,8-续写-第246章.txt,8-续写-第247章.txt,大段复制
0.61,54,8-续写-第177章.txt,8-续写-第237章.txt,大段复制
0.61,53,8-续写-第171章.txt,8-续写-第222章.txt,大段复制
0.61,53,8-续写-第162章.txt,8-续写-第231章.txt,大段复制
0.61,77,8-续写-第261章.txt,8-续写-第262章.txt,大段复制
0.61,46,8-续写-第167章.txt,8-续写-第175章.txt,大段复制
0.60,88,8-续写-第136章.txt,8-续写-第91章.txt,大段复制
0.60,184,8-续写-第42章.txt,8-续写-第44章.txt,大段复制
0.60,45,8-续写-第172章.txt,8-续写-第175章.txt,大段复制
0.58,100,8-续写-第90章.txt,8-续写-第96章.txt,大段复制
0.57,285,8-续写-第12章.txt,8-续写-第13章.txt,大段复制
0.56,96,8-续写-第188章.txt,8-续写-第189章.txt,大段复制
0.54,74,8-续写-第165章.txt,8-续写-第224章.txt,大段复制
0.54,74,8-续写-第164章.txt,8-续写-第225章.txt,大段复制
0.54,77,8-续写-第261章.txt,8-续写-第264章.txt,大段复制
0.54,59,8-续写-第164章.txt,8-续写-第173章.txt,大段复制
0.54,93,8-续写-第92章.txt,8-续写-第94章.txt,大段复制
0.52,94,8-续写-第264章.txt,8-续写-第272章.txt,大段复制
0.51,71,8-续写-第122章.txt,8-续写-第132章.txt,大段复制
0.51,57,8-续写-第173章.txt,8-续写-第224章.txt,大段复制
0.51,79,8-续写-第102章.txt,8-续写-第142章.txt,大段复制
0.50,66,8-续写-第261章.txt,8-续写-第263章.txt,大段复制
0.47,86,8-续写-第128章.txt,8-续写-第129章.txt,可疑
0.46,38,8-续写-第167章.txt,8-续写-第172章.txt,可疑
0.46,94,8-续写-第201章.txt,8-续写-第81章.txt,可疑
0.46,94,8-续写-第141章.txt,8-续写-第81章.txt,可疑
0.46,72,8-续写-第102章.txt,8-续写-第82章.txt,可疑
0.46,121,8-续写-第34章.txt,8-续写-第45章.txt,可疑
0.46,82,8-续写-第262章.txt,8-续写-第264章.txt,可疑
0.46,75,8-续写-第262章.txt,8-续写-第263章.txt,可疑
0.45,141,8-续写-第26章.txt,8-续写-第43章.txt,可疑
0.44,73,8-续写-第142章.txt,8-续写-第82章.txt,可疑
0.44,62,8-续写-第182章.txt,8-续写-第195章.txt,可疑
0.44,62,8-续写-第125章.txt,8-续写-第195章.txt,可疑
0.43,110,8-续写-第40章.txt,8-续写-第56章.txt,可疑
0.43,60,8-续写-第160章.txt,8-续写-第99章.txt,可疑
0.43,68,8-续写-第182章.txt,8-续写-第225章.txt,可疑
0.43,68,8-续写-第125章.txt,8-续写-第165章.txt,可疑
0.43,113,8-续写-第33章.txt,8-续写-第56章.txt,可疑
0.43,79,8-续写-第91章.txt,8-续写-第93章.txt,可疑
0.42,81,8-续写-第246章.txt,8-续写-第249章.txt,可疑
0.41,65,8-续写-第165章.txt,8-续写-第182章.txt,可疑
0.41,65,8-续写-第125章.txt,8-续写-第225章.txt,可疑
0.41,79,8-续写-第170章.txt,8-续写-第73章.txt,可疑
0.40,91,8-续写-第286章.txt,8-续写-第289章.txt,可疑
0.40,59,8-续写-第165章.txt,8-续写-第173章.txt,可疑
0.40,59,8-续写-第164章.txt,8-续写-第174章.txt,可疑
0.40,74,8-续写-第111章.txt,8-续写-第82章.txt,可疑
0.39,56,8-续写-第170章.txt,8-续写-第182章.txt,可疑
0.39,56,8-续写-第125章.txt,8-续写-第170章.txt,可疑
0.39,57,8-续写-第199章.txt,8-续写-第94章.txt,可疑
0.39,56,8-续写-第170章.txt,8-续写-第195章.txt,可疑
0.39,88,8-续写-第247章.txt,8-续写-第249章.txt,可疑
0.38,55,8-续写-第184章.txt,8-续写-第266章.txt,可疑
0.38,55,8-续写-第149章.txt,8-续写-第266章.txt,可疑
0.38,86,8-续写-第101章.txt,8-续写-第241章.txt,可疑
0.38,70,8-续写-第263章.txt,8-续写-第264章.txt,可疑
0.38,57,8-续写-第174章.txt,8-续写-第224章.txt,可疑
0.38,57,8-续写-第173章.txt,8-续写-第225章.txt,可疑
0.37,69,8-续写-第102章.txt,8-续写-第111章.txt,可疑
0.37,55,8-续写-第180章.txt,8-续写-第266章.txt,可疑
0.37,55,8-续写-第180章.txt,8-续写-第184章.txt,可疑
0.37,55,8-续写-第149章.txt,8-续写-第180章.txt,可疑
0.36,63,8-续写-第142章.txt,8-续写-第187章.txt,可疑
0.36,96,8-续写-第269章.txt,8-续写-第288章.txt,可疑
0.36,99,8-续写-第39章.txt,8-续写-第56章.txt,可疑
0.35,57,8-续写-第261章.txt,8-续写-第272章.txt,可疑
0.35,70,8-续写-第143章.txt,8-续写-第188章.txt,可疑
0.35,69,8-续写-第111章.txt,8-续写-第142章.txt,可疑
